"match_id","team_id","home_away","goals","xG"
81,82,"a",0,0.675723277032375
81,89,"h",0,0.627538770437241
82,71,"a",1,0.786229819059373
82,73,"h",0,0.876105513423681
83,72,"h",2,0.604225588031113
83,90,"a",2,0.558456405997276
84,75,"h",4,2.56803004816175
84,77,"a",2,1.46083428990096
85,78,"a",3,2.10975007154048
85,79,"h",1,1.13075449503958
86,80,"h",1,0.651187501847743
86,84,"a",2,3.12038981169462
87,74,"a",2,1.25290011242032
87,86,"h",2,1.54613570310175
88,81,"a",2,0.535961193963886
88,83,"h",0,1.3341025095433
89,85,"h",0,0.388441704213619
89,87,"a",1,0.329873396083713
90,76,"h",0,0.435238100588321
90,88,"a",3,1.98255258612335
91,71,"h",0,0.219118200242519
91,89,"a",1,0.660403881222009
92,72,"a",3,1.50111722107977
92,74,"h",0,1.0642455983907
93,77,"h",1,0.329128299839795
93,79,"a",3,1.73093041032553
94,84,"h",2,1.97423564642668
94,86,"a",0,0.11310850083828
95,82,"h",2,1.707374304533
95,85,"a",2,2.81251629628242
96,76,"a",0,0.684035997837781
96,90,"h",0,0.760847192257643
97,75,"a",2,2.08359837345779
97,81,"h",1,0.513490699231624
98,78,"h",1,0.991770498454571
98,83,"a",1,2.28459354769439
99,80,"a",0,0.48674849793315
99,88,"h",3,2.19642853550613
100,73,"a",0,0.460804598405957
100,87,"h",1,2.19556104578078
101,86,"a",0,0.438401311635971
101,89,"h",0,1.26549111865461
102,79,"h",1,3.1488750865683
102,85,"a",1,0.698227602988481
103,77,"h",1,0.571046195924283
103,84,"a",1,1.56892025470734
104,71,"a",0,0.765278296545148
104,78,"h",2,1.23806779459119
105,75,"h",1,0.837880106642842
105,82,"a",1,1.89437090046704
106,73,"a",4,2.85539758205414
106,81,"h",3,1.522450693883
107,76,"h",2,1.42621720582247
107,80,"a",3,2.06951153278351
108,72,"h",0,0.579337505623697
108,88,"a",2,1.58718548715115
109,74,"a",0,0.683589700609445
109,90,"h",0,1.27364696934819
110,83,"h",0,1.84160872269422
110,87,"a",0,1.29206129163504
111,83,"a",0,2.36002456769347
111,86,"h",0,0.0319693982601166
112,76,"a",1,0.88119398523122
112,85,"h",0,1.21848891489208
113,71,"h",2,2.27405561693013
113,77,"a",2,0.368847504258155
114,73,"h",1,0.328382100909949
114,75,"a",1,0.919096983969212
115,78,"a",2,2.21586825698614
115,80,"h",1,1.28674860112369
116,81,"a",3,0.976122505962848
116,87,"h",0,0.561736401170492
117,88,"h",2,1.52895202487707
117,90,"a",0,0.373113646171987
118,72,"a",0,0.694691605865955
118,82,"h",0,1.99917010217905
119,74,"h",3,3.29029223695398
119,79,"a",0,0.640247095376253
120,84,"h",2,0.97118440270424
120,89,"a",1,1.28089319914579
121,72,"h",3,1.18025628663599
121,80,"a",1,0.657779093831778
122,83,"h",2,4.65599802695214
122,85,"a",0,0.193822995759546
123,78,"h",0,0.743480047676712
123,88,"a",1,3.16709915269166
124,84,"a",0,0.503007389605046
124,90,"h",1,1.62363446876407
125,74,"a",0,1.0086594093591
125,76,"h",0,0.409142900258303
126,73,"a",1,0.389495206996798
126,79,"h",3,1.33288812451065
127,87,"a",1,1.02571611106396
127,89,"h",3,1.46206341218203
128,77,"h",0,1.04069580417126
128,82,"a",1,1.45615257695317
129,71,"a",2,0.953180088661611
129,75,"h",3,1.35052496939897
130,81,"h",2,1.94050452485681
130,86,"a",0,0.717725107911974
131,80,"h",1,2.06869961507618
131,83,"a",0,0.775312013924122
132,86,"h",1,1.15113826468587
132,90,"a",2,1.33960788138211
133,71,"h",0,0.876718385145068
133,76,"a",1,0.635082494467497
134,73,"h",2,0.644334902055561
134,77,"a",0,0.855748781003058
135,75,"a",2,1.2258202759549
135,85,"h",2,1.14717069081962
136,72,"a",0,1.78912098892033
136,84,"h",0,0.864867413416505
137,81,"a",2,0.995272574946284
137,88,"h",1,3.22947103716433
138,78,"a",0,0.546133900992572
138,82,"h",1,1.01572818960995
139,74,"h",2,2.03791667334735
139,89,"a",3,1.68840223550797
140,79,"a",1,0.556270479224622
140,87,"h",1,1.90587161108851
141,82,"h",4,2.33955899067223
141,88,"a",1,1.58257183339447
142,74,"h",2,1.56150969862938
142,84,"a",1,1.4255179297179
143,73,"a",1,0.878473199903965
143,85,"h",2,1.94483363069594
144,75,"h",2,1.38516494911164
144,83,"a",5,3.91082401573658
145,71,"a",2,0.892054317519069
145,87,"h",3,1.79019989445806
146,77,"a",0,0.896498988382518
146,89,"h",3,2.89709774032235
147,79,"a",2,1.38603067398071
147,81,"h",2,2.66865243483334
148,80,"a",2,1.30592439323664
148,86,"h",2,0.702109181322157
149,78,"a",1,2.33654802292585
149,90,"h",0,0.687431185506284
150,72,"a",3,2.30159214418382
150,76,"h",2,1.27757163811475
151,76,"a",0,0.255527798086404
151,78,"h",2,1.99258180893958
152,71,"h",0,0.847075397148728
152,85,"a",1,1.03499516192824
153,73,"h",1,1.5026720231399
153,90,"a",1,0.913290686905383
154,86,"a",1,0.98027978092432
154,88,"h",6,3.49859094247222
155,75,"a",2,3.02386543899775
155,79,"h",1,1.18073928356171
156,77,"h",2,1.08401146903634
156,81,"a",2,1.94422852713615
157,74,"a",3,1.58501810580492
157,80,"h",1,0.520173955708741
158,72,"h",1,1.20062895305455
158,87,"a",1,1.30844291672111
159,82,"a",2,1.18142400123179
159,84,"h",1,0.777976302430034
160,83,"h",3,2.17082336731255
160,89,"a",0,1.03953070193529
161,82,"h",0,0.590555706992745
161,87,"a",0,0.715892097912728
162,74,"h",2,1.55443990603089
162,75,"a",2,2.78732793778181
163,76,"h",1,2.07781525328755
163,77,"a",0,0.658473601564765
164,71,"a",0,0.795845614746213
164,80,"h",1,1.22874638624489
165,78,"h",1,1.08390662446618
165,81,"a",3,2.76387437060476
166,72,"h",0,0.653456991538406
166,89,"a",3,1.47853149846196
167,73,"a",1,0.173024801537394
167,88,"h",5,4.92036121338605
168,83,"a",3,2.69045414030552
168,90,"h",0,0.254791107028723
169,79,"a",2,1.35285882651806
169,86,"h",6,2.26094496250153
170,84,"h",0,0.485488183796406
170,85,"a",1,1.64893902465701
171,71,"h",1,1.09516050666571
171,84,"a",2,1.74352609645575
172,75,"h",1,1.33665864169598
172,78,"a",0,0.240008198656142
173,80,"a",1,1.13560120016336
173,81,"h",2,0.772840192541481
174,76,"a",1,1.45436407625675
174,79,"h",0,1.03419861570001
175,85,"h",0,0.848431935999542
175,90,"a",2,1.04874219931662
176,72,"a",1,0.373025104403496
176,83,"h",2,2.55810632836074
177,77,"h",3,2.4155790489167
177,86,"a",0,1.4174426747486
178,73,"h",1,0.492304492741823
178,82,"a",5,3.44090967439115
179,88,"a",0,0.310718095861376
179,89,"h",0,0.391753595322371
180,74,"a",1,1.56383666954934
180,87,"h",1,0.682821795344353
181,80,"h",1,0.735761784017087
181,87,"a",3,0.84137699007988
182,78,"h",0,0.939118910580873
182,89,"a",0,0.394405007362365
183,79,"a",1,1.17497332300991
183,88,"h",2,2.8355705216527
184,85,"a",0,1.38697003573179
184,86,"h",0,1.26074470579624
185,83,"a",3,2.18051119893789
185,84,"h",0,0.264441799372435
186,81,"a",0,0.605625707656145
186,90,"h",2,1.65178010985255
187,75,"a",3,2.22545391879975
187,76,"h",2,1.50447138771415
188,72,"h",5,2.34851494431496
188,77,"a",2,1.23342740163207
189,73,"a",0,0.716058170422911
189,74,"h",2,1.1596607118845
190,71,"a",1,0.327273345552385
190,82,"h",3,1.14504998736083
191,73,"h",0,1.00427228957415
191,86,"a",1,0.504409685730934
192,75,"h",2,1.56388918310404
192,90,"a",1,1.00945069268346
193,76,"a",0,0.594030616804957
193,89,"h",2,1.27790237218142
194,79,"h",1,1.19517033174634
194,84,"a",0,0.402284506708383
195,72,"a",1,1.08911589160562
195,81,"h",1,0.591057794168592
196,74,"a",1,1.80577315017581
196,77,"h",0,0.299103198572993
197,80,"a",0,1.02642249315977
197,85,"h",1,0.825417583808302
198,71,"h",0,0.182740798220038
198,88,"a",0,1.57797850295901
199,82,"a",1,0.90912850573659
199,83,"h",1,2.01766992174089
200,78,"a",2,0.86911179497838
200,87,"h",1,2.16018099337816
201,89,"a",1,1.30264199897647
201,90,"h",1,1.4707703217864
202,73,"a",2,1.5850931070745
202,84,"h",2,1.88880639150739
203,74,"h",0,0.709484495222568
203,85,"a",1,1.1949456371367
204,76,"h",1,0.332888007164001
204,83,"a",1,2.08955731242895
205,75,"a",3,3.38134426623582
205,86,"h",0,0.372387299314141
206,71,"a",0,0.322060700505972
206,72,"h",4,2.90000889450311
207,79,"a",0,0.202798202633858
207,80,"h",1,2.16486698761582
208,87,"a",3,2.61696974840016
208,88,"h",1,1.08612417988479
209,81,"a",1,0.828607613220811
209,82,"h",4,3.46897397376597
210,77,"a",1,1.31534761562944
210,78,"h",0,0.69618200417608
211,77,"h",2,0.863465895876289
211,85,"a",0,0.794639812782407
212,71,"h",2,1.50097721628845
212,90,"a",2,1.46132916212082
213,72,"a",3,0.729004502296448
213,73,"h",3,1.70275290124118
214,78,"h",5,1.6783561874181
214,86,"a",1,0.797338004224003
215,74,"a",1,1.26034319028258
215,88,"h",3,2.12330963090062
216,75,"h",1,0.876256412826478
216,89,"a",1,1.05612718313932
217,80,"a",0,0.283374905586243
217,82,"h",0,0.333494197577238
218,76,"a",0,0.915644083172083
218,81,"h",1,1.4193272665143
219,84,"a",0,0.36828269995749
219,87,"h",1,1.19358052499592
220,79,"h",1,1.01024608872831
220,83,"a",1,1.65699145197868
221,85,"h",2,2.07690462470054
221,88,"a",0,0.483752509579063
222,75,"a",3,2.20962187089026
222,84,"h",0,0.780602196231485
223,79,"a",0,0.310523699969054
223,90,"h",2,2.07199331931769
224,76,"h",1,1.48694862797856
224,82,"a",1,1.12875869870186
225,77,"a",0,1.52280560135841
225,83,"h",3,2.35732092149556
226,81,"a",0,1.10205709934235
226,89,"h",0,1.76486809086055
227,71,"a",1,1.05800393875688
227,74,"h",1,2.86050765030086
228,73,"a",1,1.30178329721093
228,80,"h",0,1.67081108503044
229,86,"h",1,0.646346092224121
229,87,"a",0,0.999042375013233
230,72,"h",1,1.69773718714714
230,78,"a",1,1.19049833156169
231,72,"a",1,2.43720048386603
231,79,"h",1,1.54832909815013
232,84,"a",1,0.963522095233202
232,88,"h",2,1.35517720878124
233,77,"h",0,0.879473534412682
233,90,"a",1,2.07510675676167
234,74,"a",0,0.890410093590618
234,78,"h",1,1.31820948049426
235,81,"h",0,1.13215949200094
235,85,"a",0,1.87558621168137
236,73,"h",2,1.05031981691718
236,89,"a",1,2.033092148602
237,71,"h",0,1.0088999606669
237,83,"a",2,1.68498350307345
238,76,"a",2,0.835885420441628
238,87,"h",2,2.12603091262281
239,82,"h",1,1.04200642183423
239,86,"a",2,1.55251510441303
240,75,"h",2,0.7088463017717
240,80,"a",1,2.26886648405343
241,73,"a",2,1.89257722720504
241,76,"h",1,0.698255376890301
242,74,"h",0,0.83384957164526
242,82,"a",2,1.47452670522034
243,78,"a",2,1.95860154181719
243,85,"h",1,2.41899664327502
244,77,"a",1,1.25166839547455
244,80,"h",3,3.02023431658745
245,72,"h",2,1.93538148701191
245,75,"a",3,2.02911515720189
246,79,"a",2,0.562545195221901
246,89,"h",1,1.01393679529428
247,71,"a",1,0.404373306781054
247,86,"h",1,1.28189328685403
248,87,"a",0,0.376313141547143
248,90,"h",3,1.99336431361735
249,81,"a",0,0.401988197118044
249,84,"h",0,0.979500204324722
250,83,"h",2,1.50108977407217
250,88,"a",1,0.770768601447344
251,85,"h",2,1.18350311741233
251,89,"a",0,1.28961038962007
252,76,"a",0,0.554582584649324
252,84,"h",1,1.32655909471214
253,79,"a",0,0.456644411198795
253,82,"h",3,2.41954032331705
254,71,"h",1,1.61325072497129
254,81,"a",1,0.853692099452019
255,73,"h",0,0.871395297348499
255,78,"a",0,0.406660709530115
256,80,"h",2,2.09356325492263
256,90,"a",1,1.67703979462385
257,75,"a",0,0.505167104303836
257,87,"h",1,1.37994748726487
258,77,"a",1,1.20744145847857
258,88,"h",4,3.55320716649294
259,72,"a",1,1.72157115489245
259,86,"h",0,1.3884247764945
260,74,"h",4,2.4302992746234
260,83,"a",0,0.833064693957567
261,76,"h",1,2.14264980237931
261,86,"a",0,0.456188794225454
262,82,"a",2,0.527246496640145
262,90,"h",1,1.13434357941151
263,71,"a",0,0.235873501747846
263,79,"h",2,1.10464463569224
264,78,"h",0,0.749486988410353
264,84,"a",0,0.169425001367927
265,72,"h",3,2.24720361456275
265,85,"a",4,1.58158919587731
266,73,"a",0,0.3437519967556
266,83,"h",2,3.15861501544714
267,80,"a",0,0.905142888426781
267,89,"h",0,1.35212716832757
268,74,"a",0,1.37547227740288
268,81,"h",2,1.95517322979867
269,75,"h",0,0.810377310961484
269,88,"a",0,1.67242176458239
270,77,"h",0,0.48155149910599
270,87,"a",1,1.81685972586274
271,81,"h",2,2.18022527638823
271,87,"a",0,1.92103710584342
272,76,"h",2,1.73231989145279
272,85,"a",1,0.917526069097221
273,83,"h",1,1.93025577999652
273,86,"a",0,1.15338592417538
274,73,"a",0,1.25992159172893
274,75,"h",0,2.29078760929406
275,84,"a",1,0.542907007038593
275,89,"h",2,1.74265786260366
276,74,"a",0,0.932294893078505
276,79,"h",1,1.5050845593214
277,71,"a",1,0.27955979667604
277,77,"h",2,0.761224512010812
278,88,"a",2,0.692053807899356
278,90,"h",1,0.9853670950979
279,78,"h",0,0.546498090028763
279,80,"a",3,2.37469729781151
280,72,"h",1,0.721603398211301
280,82,"a",1,0.7590696150437
281,86,"h",3,1.82236502319574
281,89,"a",3,2.36369561869652
282,71,"h",0,0.551972396671772
282,78,"a",0,0.547912992537022
283,73,"h",1,0.72954599186778
283,81,"a",3,1.18941130302846
284,74,"h",2,1.72239840961993
284,90,"a",0,0.115429501049221
285,79,"a",1,0.193728104233742
285,85,"h",2,1.24456397257745
286,77,"a",3,2.52506089024245
286,84,"h",2,1.06526491325349
287,76,"a",2,0.704262801446021
287,80,"h",1,1.38531630113721
288,72,"a",0,0.369548199698329
288,88,"h",0,1.44957141391933
289,83,"a",3,2.22912196069956
289,87,"h",3,1.16480491310358
290,75,"a",1,0.593397503718734
290,82,"h",0,1.24792829994112
291,77,"a",1,0.617305720224977
291,82,"h",4,2.04054456204176
292,78,"a",0,0.61406659334898
292,88,"h",4,1.74214965384453
293,81,"a",1,1.08248266484588
293,86,"h",2,1.85904275160283
294,74,"h",3,1.43988242000341
294,76,"a",0,0.411400806158781
295,72,"a",2,1.59401029162109
295,80,"h",3,2.44864230509848
296,73,"h",3,2.53085771203041
296,79,"a",0,0.59619509242475
297,71,"h",1,0.665385534055531
297,75,"a",1,2.2351405993104
298,87,"h",0,0.952973716892301
298,89,"a",1,0.734595393761992
299,83,"a",0,0.585840910673141
299,85,"h",0,0.562879409641027
300,84,"h",1,0.474035200662911
300,90,"a",0,0.525478592142463
301,79,"h",4,1.03432331606746
301,87,"a",5,1.44943428970873
302,78,"h",0,0.936095587909221
302,82,"a",3,1.74368398450315
303,74,"a",1,0.835909293964505
303,89,"h",0,0.187216804362833
304,75,"h",3,2.25905627012253
304,85,"a",0,0.340482404455542
305,71,"a",0,0.562461405061186
305,76,"h",0,0.231839805841446
306,73,"a",1,1.26851420290768
306,77,"h",1,0.615478714928031
307,86,"a",1,1.29267080128193
307,90,"h",2,2.62828409858048
308,81,"h",2,1.01267187017947
308,88,"a",2,1.73181996680797
309,72,"h",0,1.96651162207127
309,84,"a",2,1.0805457085371
310,80,"a",1,1.51193909719586
310,83,"h",0,1.11853163689375
311,74,"a",0,0.936396213248372
311,83,"h",0,3.40221455693245
312,75,"h",2,1.35367930680513
312,87,"a",0,0.580791004933417
313,79,"h",0,0.929318880662322
313,82,"a",3,2.79756385833025
314,77,"h",0,0.894742690026759
314,88,"a",1,0.650784498080611
315,71,"a",0,0.107887798920274
315,81,"h",2,2.37998771108687
316,73,"a",2,1.20993456244469
316,78,"h",1,1.62395500577986
317,85,"a",0,0.350909498520195
317,89,"h",3,2.45272370427847
318,76,"h",1,2.8794312197715
318,84,"a",1,1.18191147223115
319,72,"h",3,2.4938027113676
319,86,"a",0,0.626239204779268
320,80,"a",0,1.13792289886624
320,90,"h",0,0.531414993107319
321,75,"a",3,2.5307614095509
321,88,"h",1,1.73542900849134
322,76,"a",0,0.472555297426879
322,86,"h",1,2.41113833151758
323,72,"a",3,3.08082931861282
323,85,"h",0,0.693547999486327
324,82,"h",1,2.00474900379777
324,90,"a",0,0.149839314632117
325,78,"a",1,1.0146508179605
325,84,"h",1,1.32433060184121
326,71,"h",1,0.919472727924585
326,79,"a",0,1.15061856992543
327,77,"a",2,0.49184238910675
327,87,"h",2,1.57711720839143
328,74,"h",1,1.06642390228808
328,81,"a",0,0.975117074325681
329,73,"h",0,0.588673796504736
329,83,"a",2,1.13957360014319
330,80,"h",1,1.79923565592616
330,89,"a",1,0.780473699793218
331,77,"h",1,1.51138398610056
331,89,"a",1,0.925455605611204
332,74,"a",1,1.1945236036554
332,84,"h",0,0.699012102559209
333,79,"h",2,1.05853649973869
333,81,"a",2,0.760992513969541
334,72,"h",0,1.82911500614136
334,76,"a",1,1.19739774614573
335,78,"h",1,0.984488723799586
335,90,"a",2,1.99728171899915
336,73,"h",1,1.19903418980539
336,85,"a",3,0.92734750919044
337,80,"h",5,2.08580432645977
337,86,"a",1,0.440837681293488
338,75,"a",1,1.3124633282423
338,83,"h",2,2.38088726997375
339,71,"h",0,0.174868296831846
339,87,"a",6,2.07885438762605
340,82,"a",2,1.23516546562314
340,88,"h",1,1.98759083449841
341,77,"a",0,1.07886718772352
341,81,"h",1,0.52387049049139
342,73,"a",0,0.955251511186362
342,90,"h",0,1.00481298286468
343,75,"h",1,1.764498276636
343,79,"a",0,0.814783890731632
344,74,"h",1,1.01074321009219
344,80,"a",2,0.631035692989827
345,71,"a",1,0.414342817850411
345,85,"h",2,2.0404701558873
346,76,"h",3,2.28170740604401
346,78,"a",2,1.21998069807887
347,82,"h",2,3.63801482692361
347,84,"a",1,1.24937620572746
348,83,"a",2,1.58047131076455
348,89,"h",3,1.09522362425923
349,71,"h",1,0.601770401000977
349,72,"a",3,2.63667849078774
350,73,"h",2,1.4122844254598
350,74,"a",0,0.954161789268256
351,75,"h",1,3.05526465922594
351,76,"a",2,1.36349114216864
352,77,"h",2,0.936613818630576
352,78,"a",2,0.887447781860829
353,79,"h",1,1.24250781815499
353,80,"a",2,0.980988088995218
354,81,"h",1,0.784318290650845
354,82,"a",0,1.23597075045109
355,83,"h",1,1.49520837608725
355,84,"a",2,1.69788216799497
356,85,"h",1,0.29831800237298
356,86,"a",0,0.270781699568033
357,87,"h",3,1.16780972480774
357,88,"a",0,0.180317494086921
358,89,"h",1,0.786278003826738
358,90,"a",0,2.16483656782657
359,82,"h",2,1.88377919793129
359,83,"a",2,0.543157009407878
360,74,"h",1,1.55211501196027
360,77,"a",1,1.31561620533466
361,79,"a",0,0.580125700682402
361,84,"h",1,0.551285909488797
362,80,"h",1,1.07045629248023
362,85,"a",1,1.60320029594004
363,72,"h",2,2.09025137126446
363,81,"a",3,2.72090463992208
364,71,"a",0,0.121135897934437
364,88,"h",4,2.83270558714867
365,73,"a",2,1.26853459328413
365,86,"h",1,0.833931295201182
366,75,"a",1,1.47042138688266
366,90,"h",0,0.836350100114942
367,78,"h",1,1.44794422853738
367,87,"a",2,2.2708682930097
368,76,"h",1,0.565787104889751
368,89,"a",0,0.417621899396181
369,79,"h",0,0.139743001200259
369,88,"a",0,0.557372600771486
370,74,"a",2,0.874966006726027
370,85,"h",1,1.06675909459591
371,73,"h",3,0.707559594884514
371,84,"a",2,1.10084008146077
372,71,"h",0,1.96130197495222
372,82,"a",2,2.00304034911096
373,75,"h",1,0.8467708081007
373,86,"a",0,0.520137229468673
374,72,"h",0,0.58617059327662
374,83,"a",2,1.92383748665452
375,75,"a",1,1.2031533010304
375,78,"h",0,0.784338502213359
376,80,"h",2,2.14609130844474
376,81,"a",2,0.86282760463655
377,85,"a",2,1.58145116269588
377,90,"h",1,0.879461888223886
378,76,"h",0,0.332789590582251
378,79,"a",1,0.799255110323429
379,71,"a",0,0.730828698724509
379,84,"h",1,0.490468900650739
380,74,"h",3,1.79793160501868
380,87,"a",2,1.30445349216461
381,77,"a",1,0.787636691704392
381,86,"h",1,0.948043791577219
382,88,"h",0,1.86248910240829
382,89,"a",1,0.90031237155199
383,73,"a",0,0.120365902781487
383,82,"h",3,2.03826799243689
384,71,"h",0,0.725398403592408
384,80,"a",4,2.52438259869814
385,83,"h",4,3.23045637086034
385,90,"a",0,0.290618803352118
386,73,"h",0,1.32390209101141
386,88,"a",4,0.868303986266256
387,79,"h",3,1.65216231532395
387,86,"a",2,1.46835112012922
388,84,"a",2,0.431900495663285
388,85,"h",2,1.17597721517086
389,76,"a",0,0.0637913988903164
389,77,"h",0,1.55098657868802
390,78,"a",2,1.66207611560822
390,81,"h",2,1.71524978801608
391,82,"a",1,1.23578750528395
391,87,"h",1,1.3847836907953
392,74,"a",0,0.671306483447552
392,75,"h",1,1.38701179437339
393,72,"a",0,0.755625985562802
393,89,"h",1,0.998691392131149
394,81,"h",3,1.1193986851722
394,83,"a",3,1.46966250054538
395,72,"a",1,1.63134919852018
395,90,"h",0,0.409825194627046
396,74,"h",3,1.83478147909045
396,86,"a",1,0.165982051752508
397,80,"a",0,1.33548799902201
397,84,"h",1,1.90880607441068
398,71,"h",1,0.220871699973941
398,73,"a",2,1.00379689689726
399,78,"h",1,1.46655627992004
399,79,"a",0,0.675663306377829
400,76,"a",1,1.11280140653253
400,88,"h",2,2.17780755832791
401,75,"a",2,2.60072680935264
401,77,"h",0,0.874279608018696
402,82,"h",3,1.7964662797749
402,89,"a",0,0.341237797401845
403,85,"a",1,0.855080402456224
403,87,"h",4,2.21483143419028
404,72,"a",0,0.759269101545214
404,78,"h",0,1.59117949567735
405,77,"a",3,1.99747580476105
405,79,"h",0,1.09263179358095
406,71,"a",0,0.2624267982319
406,89,"h",1,1.09126932173967
407,72,"h",1,0.319669298827649
407,74,"a",1,1.39266429841518
408,84,"a",0,0.787081306800246
408,86,"h",3,1.5335435308516
409,76,"h",0,2.34781582653523
409,90,"a",1,0.364851798862219
410,80,"h",0,0.487714996561408
410,88,"a",3,2.62767971307039
411,75,"h",2,1.95296506583691
411,81,"a",2,1.5699545070529
412,73,"h",1,0.864284221082926
412,87,"a",2,1.90219022333622
413,78,"a",1,0.275805791839957
413,83,"h",1,1.73461443930864
414,82,"a",4,2.89826596155763
414,85,"h",0,0.458375500515103
415,86,"h",1,0.469881702214479
415,88,"a",1,0.52204311080277
416,81,"h",3,3.96294043026865
416,90,"a",1,1.22333090379834
417,78,"a",0,0.137416202574968
417,89,"h",1,1.71303107589483
418,72,"a",0,0.0886328984051942
418,87,"h",4,3.24822237342596
419,76,"a",0,0.839742527343333
419,83,"h",2,1.37347879447043
420,85,"a",0,1.09368079900742
420,88,"h",4,2.2248210273683
421,71,"h",2,1.48216613382101
421,74,"a",4,3.66907709464431
422,73,"h",1,0.575087109580636
422,80,"a",4,2.07278110086918
423,86,"a",2,0.253032701089978
423,87,"h",2,0.712881516665221
424,77,"h",0,0.618293995037675
424,83,"a",0,0.973030608147383
425,75,"h",4,3.8466128334403
425,84,"a",0,0.57645726390183
426,76,"a",1,0.897315509617328
426,82,"h",0,1.27031638845801
427,77,"a",1,1.43267227709293
427,85,"h",1,0.684869010001422
428,78,"a",0,1.05259342119098
428,86,"h",1,0.534069927409291
429,72,"h",2,0.952809482812881
429,73,"a",1,1.4283754946664
430,71,"a",2,0.491792399436236
430,90,"h",3,1.36695380602032
431,76,"h",0,1.72145263943821
431,81,"a",3,1.27183021232486
432,79,"a",0,0.578781999647618
432,83,"h",1,0.781508195213973
433,84,"h",3,2.3428143914789
433,87,"a",1,0.77618639729917
434,75,"a",1,1.16621979139745
434,89,"h",1,1.1852973792702
435,74,"h",4,2.96047960221768
435,88,"a",2,1.12719302438199
436,80,"h",2,0.816610982641577
436,82,"a",2,1.91013745218515
437,79,"h",0,1.36824731528759
437,89,"a",1,1.48343988694251
438,78,"h",2,1.31447881087661
438,85,"a",1,1.2776635158807
439,81,"h",0,2.82821292802692
439,84,"a",4,2.48500279709697
440,71,"h",0,0.0312154004350305
440,86,"a",0,1.09626319259405
441,73,"h",1,0.816876301541924
441,76,"a",1,1.34450599551201
442,77,"h",3,0.773876706138254
442,80,"a",2,1.77676902711391
443,72,"a",1,1.30184339825064
443,75,"h",3,4.51156732439994
444,74,"a",2,1.30844973027706
444,82,"h",1,2.56110330391675
445,87,"h",2,2.4472846351564
445,90,"a",0,0.936693659983576
446,83,"a",2,1.08083459734917
446,88,"h",2,0.753750011324884
447,81,"h",3,2.13447192125022
447,89,"a",2,0.635987399145961
448,79,"h",3,2.46959713473916
448,90,"a",2,1.77119152341038
449,72,"a",0,1.16562889609486
449,77,"h",3,2.4488695897162
450,80,"a",1,0.812267913483083
450,87,"h",1,1.84357341565192
451,71,"a",0,0.222730699926615
451,83,"h",3,3.40206858515739
452,75,"a",1,1.23490829672664
452,80,"h",1,1.86065091751516
453,72,"h",3,2.40774812921882
453,79,"a",0,0.430159887298942
454,82,"a",1,0.8690818939358
454,86,"h",5,2.43894501030445
455,74,"h",4,2.32277866825461
455,78,"a",1,1.25318907480687
456,81,"a",1,2.95403977576643
456,85,"h",2,0.288736247923225
457,84,"h",1,0.115603598766029
457,88,"a",1,2.39294347725809
458,77,"a",2,0.90881609916687
458,90,"h",2,1.95375679526478
459,76,"h",1,1.88890688214451
459,87,"a",1,0.41987720131874
460,73,"a",0,0.503471706062555
460,89,"h",3,1.721087442711
461,75,"a",1,2.67126323282719
461,91,"h",2,0.758257495239377
462,76,"a",1,0.686267897486686
462,78,"h",0,0.991743019782007
463,72,"h",1,0.790061911568045
463,82,"a",1,1.14296219311655
464,84,"a",1,1.75275553949177
464,92,"h",0,1.05142288841307
465,85,"a",1,0.485625489614904
465,93,"h",1,1.80522671341896
466,74,"h",1,0.940010990947485
466,90,"a",1,0.180045999586582
467,77,"a",1,1.09876651875675
467,88,"h",1,1.95479516685009
468,73,"h",1,0.523826405405999
468,89,"a",3,2.10381907224655
469,83,"h",3,1.18196820653975
469,87,"a",4,1.68472720310092
470,80,"h",2,1.46029638871551
470,81,"a",1,0.450523894280196
471,74,"a",0,0.61323269456625
471,89,"h",2,1.367302140221
472,85,"h",1,1.31146120093763
472,88,"a",4,2.17197723500431
473,87,"a",0,0.939024586230517
473,92,"h",2,0.197536107152701
474,84,"h",0,1.14134048856795
474,91,"a",2,2.2983627691865
475,78,"a",0,0.357942996546627
475,82,"h",1,2.35031505580992
476,80,"a",2,1.76756579987705
476,90,"h",1,0.804548287764191
477,72,"a",2,1.85073088482022
477,76,"h",1,2.01885326579213
478,75,"h",0,0.553692305460573
478,83,"a",0,0.523087706416845
479,77,"h",1,1.46449813060462
479,93,"a",2,0.854907192289829
480,73,"a",0,0.398118000477553
480,81,"h",1,1.6928791012615
481,82,"h",1,0.59051100537181
481,87,"a",1,1.92569112032652
482,83,"a",3,2.03786796331406
482,90,"h",1,1.09810650534928
483,75,"h",2,2.8522167056799
483,84,"a",1,0.328179890289903
484,74,"h",1,0.613742507994175
484,77,"a",1,1.39142060279846
485,80,"h",3,2.65837409347296
485,92,"a",0,0.184489596635103
486,73,"a",1,0.974014615640045
486,78,"h",1,2.70635919831693
487,72,"h",0,2.31835234165192
487,85,"a",0,0.187415101565421
488,89,"a",1,2.49172920919955
488,91,"h",0,0.268815297633409
489,76,"h",0,0.700310304760934
489,93,"a",0,0.396816201508045
490,81,"a",1,1.08384661376476
490,88,"h",3,3.24082847684622
491,88,"a",2,1.93697001039982
491,89,"h",1,1.0101266335696
492,78,"a",2,1.1248384155333
492,93,"h",1,0.611959814094007
493,82,"a",4,2.77025550976396
493,85,"h",0,1.01871534250677
494,74,"a",0,1.18871709145606
494,83,"h",2,1.89219191111624
495,73,"h",1,0.987370777875184
495,76,"a",0,1.48346578516066
496,91,"a",1,0.907115989364684
496,92,"h",1,0.453671385534107
497,81,"h",2,1.3274461850524
497,90,"a",4,1.85733148641884
498,75,"a",1,1.22508368175477
498,87,"h",4,2.76916199922561
499,80,"a",2,2.19644057750702
499,84,"h",2,1.23040003888309
500,72,"a",3,2.85489149764181
500,77,"h",0,1.04966152831912
NA,NA,NA,0,0
